name,id,gpa,assignment1,assignment2,labs,midterm,final,avg_assignment1,avg_assignment2,avg_labs,avg_midterm,avg_final
Ryan Gosling,100000000,4.3,4.0,5.0,8.0,9.0,10.0,4.0,5.333333333333333,6.666666666666667,7.5,5.833333333333333
Keanu Reeves,100000001,2.9,5.0,2.0,1.0,8.0,9.0,4.0,5.333333333333333,6.666666666666667,7.5,5.833333333333333
Richard Dean Anderson,100000002,2.7,4.0,6.0,7.0,9.0,1.0,4.0,5.333333333333333,6.666666666666667,7.5,5.833333333333333
Brad Pitt,100000003,3.9,1.0,3.0,6.0,5.0,5.0,4.0,5.333333333333333,6.666666666666667,7.5,5.833333333333333
Ed Norton,100000004,2.2,7.0,8.0,9.0,10.0,1.0,4.0,5.333333333333333,6.666666666666667,7.5,5.833333333333333
Helena Bonham Carter,100000005,2.0,3.0,8.0,9.0,4.0,9.0,4.0,5.333333333333333,6.666666666666667,7.5,5.833333333333333
